MinX,MaxX,MinY,MaxY,MinZ,MaxZ
20.675610467253648,157.4480007889023,40.348484627161554,85.52860805735256,277202.37731124373,489842.72463617084
-48.551279489010426,175.04109390970046,4.074926235617681,70.13820654192614,915640.8209907358,957571.3736488133
-69.24960660452284,-63.91223017425094,53.6826460179019,75.88409578466784,585505.076783362,665850.0501355795
-148.1575722474886,-78.9170557438148,53.115791192055724,67.36248162340021,107933.34699643664,724870.7426125212
118.15247085979331,121.00868103779078,58.531425661586866,81.4725706301062,979592.1942969266,983152.1407692925
39.47245853565616,164.55083039086117,63.079766317956455,84.35229171661695,812457.8268603251,908994.6305622314
16.845508851600215,133.1457512192555,21.023505989654254,76.4763377109678,763644.4267863098,999934.0913175697
-32.18379404319995,129.95255158085467,39.136584755321365,80.32103106434398,674738.8204825746,893019.9852810423
93.32544659677632,148.28704062106465,-29.29436168145439,66.3437120597889,870154.331121873,902865.7920359658
-27.99049527602051,28.97751787808528,61.70523895219938,79.89289440472206,785696.6285464946,944943.7012437718
-53.30798750052513,161.2440336922781,-64.04072544330846,6.5352239944899395,89935.21801463723,386028.0540379555
-39.795158262056304,-29.33847880683389,-12.835907477361488,11.767606457014416,866138.797044012,895165.50660438
157.38246254269978,179.3514110617586,-55.96675615055241,28.548525601643206,314144.8944290612,756325.2155007729
153.97982212986688,157.01657427673976,-14.958137993951638,46.79869916669833,757708.0805852646,909988.5944883781
106.93428479791481,170.3757825981439,52.14629209573178,62.524839845069586,220415.03512177186,415878.8372404105
123.15041587977811,155.5163085652678,-69.76697372491607,66.15919157464505,384081.75191342854,691468.5318919362
172.38363574721484,175.71876298592747,-30.158662611794583,62.24916713933794,258692.07362468928,514669.38916454755
-140.4055514730028,129.78234899134281,-76.87303349930114,-64.00871079169858,945168.6007371197,981532.3111171265
163.9132683120206,164.61261833114892,7.008707315513433,51.95910412050033,505133.2482998514,996040.3446765373
-151.03696883612133,45.60798134609408,52.64230659421128,65.61414111372487,380781.3949765452,440737.45926222426
38.678243218417805,179.69645898517382,-4.987667244099086,72.70747947689179,387685.9091771564,963548.7711563248
-75.56623790340926,121.1300272314172,6.206079428141479,85.64535933458095,651382.7389417385,875869.5420695803
-42.70674173572837,-9.887144123746467,35.231381712774436,63.78542299455052,123422.81638062224,593247.817761818
-67.47171585037398,89.11123565146028,75.84775874355901,83.59428479140496,883905.7573794652,966247.0384451386
145.16630533622902,160.6369627536465,50.32399486948546,67.2850738385619,487711.8253943577,559925.4961714732
154.7469016475814,157.39496049069348,53.57139211952028,66.28702402856983,814148.2446791225,822676.4341404971
86.66052337283412,158.741576315149,-65.79858766853557,-3.756188656599001,70507.72425889396,196170.46843183518
-33.960857463817234,123.43662098022918,-57.60257262821615,24.470493486248714,162503.01370351328,776523.7537632216
-18.95931727821852,19.159698551790484,-28.145867253758595,53.145303317879,164119.82881192298,492470.6704035045
23.67391082933821,102.24321754096455,-62.475331600706625,54.68171585103026,779896.0292933562,859770.7205574763
155.31279197483542,157.858816551194,-85.58926763271221,-53.501167685226314,5530.337930072959,158734.25348372085
-114.51366808235927,2.9596232817488755,9.249129045757257,23.402806884031286,311490.98776155716,906891.1949518286
-101.24655895996656,47.1890890314024,55.605185509071646,84.03057451839004,288267.2191530672,539594.8615939793
56.28559986877568,151.88065526076468,-30.317581538042894,72.86071345105302,623492.191482203,654609.2710276507
17.032723257242253,94.4436267479232,49.05014628016664,55.12408908312702,564820.2646593205,849578.4376243828
-92.52073831486193,-42.788613750303576,71.15975740490293,74.6069251900798,545187.9223964827,996126.2928361327
76.26650705145892,124.21778444298434,-63.363269582390345,-30.470340918668448,217541.76722973373,562757.5984039237
142.54192997954038,148.70305905849628,-35.66961141365493,-2.041726212816158,612008.2370804702,749307.540647242
-55.139444571592534,169.05311127091863,-31.87183136553785,18.22613650971634,1367.39976785627,304616.12466618314
-88.9782730533388,165.18338542885382,72.31130255129048,83.28547673112476,272296.1509542273,740595.9763281965
-142.4467789179418,133.94150825101036,-23.624701814075337,72.03104891605476,641232.5386858099,646997.1736314342
111.7980800129323,134.38078015820184,-24.876616073877372,51.17968638299229,332474.306585656,795364.7242874815
60.89144794502789,77.19555258385648,3.766842501166522,4.622626693779773,144289.9059501438,354716.48053339706
161.39472236182718,165.43056929708285,-32.50159246698133,72.0299902311053,981400.892501135,999288.8474154033
-84.18852605085769,16.411842113325818,-76.9839061044598,20.02956527829268,807135.5747298296,902252.4288125474
-121.22942242956651,30.21083961922082,19.89912058803263,69.56810008056374,654549.4021799983,861803.5368815758
-97.28321108778272,34.44110553540625,-55.1878582972779,-1.2761011482690847,322879.6293018913,363155.1087836673
-18.032054359686185,17.249667967260507,-68.97363034810898,-3.1778022681370146,881411.2682159093,906877.8085563144
-100.94899478552286,-97.94091468467592,-1.2746228850365782,74.23894108829187,705219.9413501039,832056.6344640662
64.60442746074145,141.4713308028402,-77.52703311526294,-59.551269480591216,54099.32669040962,64910.3507615316
-48.86948314976158,110.15947533904489,2.5514904816977406,89.61754013562246,378801.0219810334,541495.9676979901
34.433703830912236,86.21705028635648,40.5651149763311,76.46486315856276,123704.45550571807,370368.55874186545
173.20331278047252,174.3398866991329,-5.196656045750387,45.320334807263805,126055.60676307304,234597.35715738882
173.8064806142188,178.56749914221143,-63.678737162698404,-21.408002033428495,474734.1153537712,886774.7397517338
-156.61342790009508,-70.7525540413126,74.6734545949449,83.91283942794495,89690.55470031795,303692.763910584
175.86052306300786,177.31484194690242,84.0465998348871,85.43159397122466,524451.1749822712,543516.7579631158
40.79956664885705,88.62447802552197,-33.44915350433751,-3.3092982417553287,28068.697078653782,720580.1932455759
-23.360775729638846,172.4248586616147,-21.444566372217807,8.628773389647911,403770.3051087658,556240.4087335484
-100.24579100787389,-10.4181226287984,-58.89331535572988,74.66450046928598,671682.9891868643,712259.8350963668
141.5395158702326,147.28602496283887,80.11793026528312,85.28132497725701,397342.8980939847,652327.0895447242
136.50835081597262,172.30542235024484,-7.34447984458518,37.874863727108625,336270.93983681576,769651.2937891012
-160.1409478243698,145.8822441116015,-15.452085447512218,69.95726280609358,448092.42762205505,584751.857570219
46.997808642248,172.0060551280651,-35.21291024567022,-10.105697978493101,268102.2012810199,481283.29406668467
176.10157713920404,176.2214837409505,87.83661363836688,89.46229199096757,338020.3604176851,766533.0026941593
136.55865903381203,154.44125885357207,23.96132841163451,85.18421435155906,822394.699015825,993733.8274503143
102.74348956374428,113.82960225595447,-48.622161955594684,-36.10848880940856,20244.58337470547,325706.54099843686
51.95758123162659,167.31408938303676,7.838953475632152,76.99928135628296,850157.3658507396,909693.5275160954
-45.73949248904711,78.02986330131017,-85.77993160835656,-79.84005194834242,391020.18840846996,455868.9264706224
155.2540607003715,173.64190801046004,-64.29763450839076,-35.09439668529418,183946.82654263172,722319.091495423
36.43897434690615,84.704140167878,-21.478430164406376,-19.76671395748096,857472.449131106,906291.4775068501
-149.55628525742594,114.23045056794905,62.43345615729842,65.93305479102291,355426.69166642,583854.4698850698
-14.918187443541342,123.83342453704608,51.17846523114173,57.395486789455354,52741.378607840226,748015.5738269637
3.0014012351262522,143.10362782131116,38.25456070952501,52.46320551460224,924128.4512513849,941608.8148805532
-84.89992346885965,34.56953304663885,32.46396387533295,34.02121361935781,589954.6832556915,663444.3047181324
5.479958294584378,72.20073838494237,-18.303883986213734,20.746875016184568,663969.0334487527,955486.2205575234
-121.90393296913948,-99.45405397421412,14.537237196621632,67.36598624443383,745014.5653387398,987832.1327709818
125.316607464389,164.2761413934901,34.25077150261062,62.88026339054315,363856.3364927028,937978.7846753041
130.48861298774153,136.12936116700544,13.510191979288521,77.52738054790036,406953.57171394484,924771.5681578299
27.003650698951134,122.71367985666554,15.907111899283038,30.098354087042516,5591.012025581321,290043.9708388352
1.8697553888545144,51.48868230503249,80.97909816856668,81.04751373635747,289713.2812340273,413397.32235217374
31.792605859294184,67.9098976788662,83.42060478160695,85.8277746297017,268271.0734494016,406756.6566085833
-124.85928510116591,-25.035839278201905,47.71997461216799,87.15774537901235,142637.87443134136,387656.24458161637
-126.7041106845158,19.22630738975687,-39.93654736822319,13.703539486523468,613537.5299103329,822471.8481292463
-1.0642630178937509,78.43487705581703,-21.18186890128304,57.934103250894296,144092.36477899423,602969.6202703802
-25.286838013044132,124.7865427907413,-68.79566757169111,58.183870041839214,504913.1858371506,666466.1478714135
-145.2066710133738,50.798018615254335,64.594248775294,67.54989838017751,154826.6968814237,594145.6211026816
6.240247408642489,102.40463754176503,-5.141954949039572,2.971695906456379,62781.524143794675,795795.0553372223
-6.391352049891907,90.29060995289431,-80.24368180255107,70.88313244829996,936919.5760041568,971603.7168927855
-9.45301009626968,174.1592927295316,-70.57407102064622,-46.67279028064188,261090.20795710414,470440.72848605656
37.244585923746314,82.98145031248177,41.215397288705645,42.62700215102566,564640.5708725757,936652.2057734639
25.355226732112556,124.36886592423255,-9.983447875108297,0.6502906284559149,894706.3715524921,922113.244681275
-4.896347856941645,-2.6731456784918657,46.02835956157173,57.828828733655875,268368.04663827765,979676.334963734
-23.552109304378575,89.98420620449912,46.68526826274697,64.09608733256351,491743.1025871272,596991.456583264
-152.54455790285482,-112.44360499284144,81.58496499120676,82.8891185915292,875055.0662920633,995298.0364343893
-147.14560395073778,20.174393841136265,-83.30506074551006,-63.53991595682173,590328.1098600808,938338.5118347516
-159.3515960311455,98.47148808112155,33.697629892847274,56.477299670666255,116957.77972965549,397763.2157778051
-151.09301401050078,-33.33606216735923,-68.06754966477973,-25.21759169826742,685138.0492246158,865654.2461529248
95.87499228591327,127.03045589926874,-62.308393294372806,62.203014145387485,474198.6838414017,982023.9795116298
72.7771788949986,141.68860299146183,69.6894248354314,71.44513534241585,129866.37019932478,377126.67614655755
110.75448170444218,146.81710901704622,-61.628617657955324,-58.84642818556808,810442.6581169227,921401.868316601
